sentence_id,file,sentence,cited_keys,survey_arxiv_id,survey_title,cited_keys_split,n_cited_keys,n_resolved,resolved_titles,resolved_authors,resolved_years,resolved_abstracts,resolved_context,resolution_source
s0003,main.tex,"Abstractive summarization, on the other hand, entails comprehending the original text's meaning and reformulating it into new sentences~\cite{RAMKG,Unlimiformer,RPRR,RIGHT}, which can convey the source's intent more fluidly but poses greater challenges in terms of implementation due to its complexity.","RAMKG,Unlimiformer,RPRR,RIGHT",2402.19473,Retrieval-Augmented Generation for AI-Generated Content: A Survey,RAMKGUnlimiformerRPRRRIGHT,4,4,"Retrieval-augmented multilingual keyphrase generation with retriever-generator iterative training,Unlimiformer: Long-range transformers with unlimited length input,Retrieval-based full-length wikipedia generation for emergent events,{RIGHT:} retrieval-augmented generation for mainstream hashtag recommendation,",,,,"Y. Gao, Q. Yin, Z. Li et al., ``Retrieval-augmented multilingual keyphrase generation with retriever-generator iterative training,'' in NAACL Findings, 2022.A. Bertsch, U. Alon, G. Neubig, and M. R. Gormley, ``Unlimiformer: Long-range transformers with unlimited length input,'' 2023.J. Zhang, E. J. Yu, Q. Chen et al., ``Retrieval-based full-length wikipedia generation for emergent events,'' arXiv:2402.18264, 2024.R. Fan, Y. Fan, J. Chen et al., ``{RIGHT:} retrieval-augmented generation for mainstream hashtag recommendation,'' arxiv:2312.10466, 2023.",bblbblbblbbl
s0004,01_introduction.tex,"On the other hand, other works focus on particular aspects like the impact of representation formats on comprehensibility \cite{huysmans2011empirical}, or the interpretability issues in term of advantages and disadvantages of selected predictive models \cite{freitas2014comprehensible}.",huysmans2011empirical;freitas2014comprehensible,1802.01933,A Survey Of Methods For Explaining Black Box Models,huysmans2011empiricalfreitas2014comprehensible,2,2,"An empirical evaluation of the comprehensibility of decision table, tree and rule based predictive models.Comprehensible classification models: a position paper.",,,,"J. Huysmans, K. Dejaeger, C. Mues, J. Vanthienen, and B. Baesens. An empirical evaluation of the comprehensibility of decision table, tree and rule based predictive models. {\em Decision Support Systems}, 51(1):141--154, 2011.A. A. Freitas. Comprehensible classification models: a position paper. {\em ACM SIGKDD explorations newsletter}, 15(1):1--10, 2014.",bblbbl
s0006,section-1-introduction.tex,"Unlike \cite{baltruvsaitis2018multimodal,zhang2020multimodal}, and \cite{rahate2022multimodal}, which review general machine learning models, we instead focus on Transformer architectures and their self-attention mechanisms.","baltruvsaitis2018multimodal,zhang2020multimodal;rahate2022multimodal",2206.06488,Multimodal Learning with Transformers: A Survey,baltruvsaitis2018multimodalzhang2020multimodalrahate2022multimodal,3,3,"Multimodal machine learning: A survey and taxonomy,Multimodal intelligence: Representation learning, information fusion, and applications,Multimodal co-learning: Challenges, applications with datasets, recent advances and future directions,",,,,"T. Baltru{\v{s}}aitis, C. Ahuja, and L.-P. Morency, ``Multimodal machine learning: A survey and taxonomy,'' TPAMI, 2018.C. Zhang, Z. Yang, X. He, and L. Deng, ``Multimodal intelligence: Representation learning, information fusion, and applications,'' JSTSP, 2020.A. Rahate, R. Walambe, S. Ramanna, and K. Kotecha, ``Multimodal co-learning: Challenges, applications with datasets, recent advances and future directions,'' Information Fusion, 2022.",bblbblbbl
s0008,short_version_try.tex,"This means that, in contrast to meta-SL, meta-RL methods are more commonly deployed to increase asymptotic performance \cite{jaderberg2019poprl,houthooft2018epg,veeriah2019discovery} as well as sample-efficiency, and can lead to significantly better solutions overall.","jaderberg2019poprl,houthooft2018epg,veeriah2019discovery",2004.05439,Meta-Learning in Neural Networks: A Survey,jaderberg2019poprlhouthooft2018epgveeriah2019discovery,3,3,"{Human-level Performance In 3D Multiplayer Games With Population-based Reinforcement Learning},{Evolved Policy Gradients},{Discovery Of Useful Questions As Auxiliary Tasks},",,,,"M. Jaderberg, W. M. Czarnecki, I. Dunning, L. Marris, G. Lever, A. G. Casta{\ n}eda, C. Beattie, N. C. Rabinowitz, A. S. Morcos, A. Ruderman, N. Sonnerat, T. Green, L. Deason, J. Z. Leibo, D. Silver, D. Hassabis, K. Kavukcuoglu, and T. Graepel, ``{Human-level Performance In 3D Multiplayer Games With Population-based Reinforcement Learning},'' Science, 2019.R. Houthooft, R. Y. Chen, P. Isola, B. C. Stadie, F. Wolski, J. Ho, and P. Abbeel, ``{Evolved Policy Gradients},'' NeurIPS, 2018.V. Veeriah, M. Hessel, Z. Xu, R. Lewis, J. Rajendran, J. Oh, H. van Hasselt, D. Silver, and S. Singh, ``{Discovery Of Useful Questions As Auxiliary Tasks},'' in {NeurIPS}, 2019.",bblbblbbl
s0009,short_version_try.tex,"End-to-end gradient-based meta-learning has already demonstrated promising scalability to millions of parameters (as demonstrated by MAML \cite{finn2017maml} and Dataset Distillation \cite{wang2018datasetdistill, lorraine2019optmillionsofhyperparams}, for example) in contrast to the classic approaches (such cross-validation by grid or random \cite{bergstra2012randomsearchhyper} search, or Bayesian Optimization \cite{shahriari2016bayesianoptimizationsurvey}) which are typically only successful wi","finn2017maml;wang2018datasetdistill, lorraine2019optmillionsofhyperparams;bergstra2012randomsearchhyper;shahriari2016bayesianoptimizationsurvey",2004.05439,Meta-Learning in Neural Networks: A Survey,finn2017mamlwang2018datasetdistilllorraine2019optmillionsofhyperparamsbergstra2012randomsearchhypershahriari2016bayesianoptimizationsurvey,5,5,"{Model-Agnostic Meta-learning For Fast Adaptation Of Deep Networks},{Dataset Distillation},{Optimizing Millions Of Hyperparameters By Implicit Differentiation},{Random Search For Hyper-Parameter Optimization},{Taking The Human Out Of The Loop: A Review Of Bayesian Optimization},",,,,"C. Finn, P. Abbeel, and S. Levine, ``{Model-Agnostic Meta-learning For Fast Adaptation Of Deep Networks},'' in {ICML}, 2017.T. Wang, J. Zhu, A. Torralba, and A. A. Efros, ``{Dataset Distillation},'' CoRR, 2018.J. {Lorraine}, P. {Vicol}, and D. {Duvenaud}, ``{Optimizing Millions Of Hyperparameters By Implicit Differentiation},'' in AISTATS, 2020.J. Bergstra and Y. Bengio, ``{Random Search For Hyper-Parameter Optimization},'' in {Journal Of Machine Learning Research}, 2012.B. {Shahriari}, K. {Swersky}, Z. {Wang}, R. P. {Adams}, and N. {de Freitas}, ``{Taking The Human Out Of The Loop: A Review Of Bayesian Optimization},'' Proceedings of the IEEE, 2016.",bblbblbblbblbbl
s0013,Article_v2.tex,"In contrast to saving old training samples, OWM~\cite{zeng2019continual} and AOP~\cite{guo2022adaptive} modify parameter updates to the orthogonal direction of the previous input space.",zeng2019continual;guo2022adaptive,2302.00487,"A Comprehensive Survey of Continual Learning: Theory, Method and Application",zeng2019continualguo2022adaptive,2,2,Continual learning of context-dependent processing in neural networks.Adaptive orthogonal projection for batch and online continual learning.,,,,"Guanxiong Zeng, Yang Chen, Bo Cui, and Shan Yu. Continual learning of context-dependent processing in neural networks. {\em Nature Machine Intelligence}, 1(8):364--372, 2019.Yiduo Guo, Wenpeng Hu, Dongyan Zhao, and Bing Liu. Adaptive orthogonal projection for batch and online continual learning. In {\em Proceedings of the AAAI Conference on Artificial Intelligence}, volume 2, 2022.",bblbbl
s0016,050_discussion.tex,"On the other hand, BLEU becomes more competitive when applied on the corpus-level or system-level \citep{galley2015dbleu,Lowe2017AutoTuring}.","galley2015dbleu,Lowe2017AutoTuring",1905.04071,Survey on Evaluation Methods for Dialogue Systems,galley2015dbleuLowe2017AutoTuring,2,2,,,,,"Galley M, Brockett C, Sordoni A, Ji Y, Auli M, Quirk C, Mitchell M, Gao J, Dolan B (2015) {deltaBLEU: A Discriminative Metric for Generation Tasks with Intrinsically Diverse Targets}. In: Proceedings of the 53rd Annual Meeting of the Association for Computational Linguistics and the 7th International Joint Conference on Natural Language Processing (Volume 2: Short Papers), Association for Computational Linguistics, ACL 2015, pp 445--450, \urlprefix\url{http://www.aclweb.org/anthology/P15-2073}Lowe R, Noseworthy M, Serban IV, Angelard-Gontier N, Bengio Y, Pineau J (2017{\natexlab{a}}) {Towards an Automatic Turing Test: Learning to Evaluate Dialogue Responses}. In: Proceedings of the 55th Annual Meeting of the Association for Computational Linguistics (Volume 1: Long Papers), Association for Computational Linguistics, Vancouver, Canada, ACL '17, pp 1116--1126, \doi{10.18653/v1/P17-1103}, \urlprefix\url{http://www.aclweb.org/anthology/P17-1103}",bblbbl
s0022,MTL_Survey.tex,"Different from \cite{bh03,xlck07}, Jacob et al.","bh03,xlck07",1707.08114,A Survey on Multi-Task Learning,bh03xlck07,2,2,"Task clustering and gating for {B}ayesian multitask learning,Multi-task learning for classification with {D}irichlet process priors,",,,,"B. Bakker and T. Heskes, ``Task clustering and gating for {B}ayesian multitask learning,'' {\em JMLR}, 2003.Y. Xue, X. Liao, L. Carin, and B. Krishnapuram, ``Multi-task learning for classification with {D}irichlet process priors,'' {\em JMLR}, 2007.",bblbbl
s0023,MTL_Survey.tex,"Different from \cite{bcw07,zy10a} which are Bayesian models, Zhang and Yeung \cite{zy10b,zy14} propose a regularized multi-task model called multi-task relationship learning (MTRL) by placing a matrix-variate normal prior on $\mathbf{W}$ as {\small \begin{equation} \mathbf{W}\sim\mathcal{MN}(\cdot|\mathbf{0},\mathbf{I},\bm{\Omega}),\label{equ_MTRL_prior} \end{equation} }\noindent where $\mathcal{MN}(\cdot|\mathbf{M},\mathbf{A},\mathbf{B})$ denotes a matrix-variate normal distribution with $\math","bcw07,zy10a;zy10b,zy14",1707.08114,A Survey on Multi-Task Learning,bcw07zy10azy10bzy14,4,4,"Multi-task {G}aussian process prediction,Multi-task learning using generalized $t$ process,A convex formulation for learning task relationships in multi-task learning,A regularization approach to learning task relationships in multitask learning,",,,,"E. V. Bonilla, K. M. A. Chai, and C. K. I. Williams, ``Multi-task {G}aussian process prediction,'' in {\em NIPS}, 2007.Y. Zhang and D.-Y. Yeung, ``Multi-task learning using generalized $t$ process,'' in {\em AISTATS}, 2010.Y. Zhang and D.-Y. Yeung, ``A convex formulation for learning task relationships in multi-task learning,'' in {\em UAI}, 2010.Y. Zhang and D.-Y. Yeung, ``A regularization approach to learning task relationships in multitask learning,'' {\em ACM TKDD}, 2014.",bblbblbblbbl
s0024,MTL_Survey.tex,"Different from \cite{hl11,zh12} which study the multi-task multi-view classification problem, in \cite{zzl15b,zzll16}, two multi-task multi-view clustering methods are proposed and both methods consider three factors: within-view-task clustering which conducts clustering on each view in a task, view relation learning which minimizes the disagreement among views in a task, and low-rank structure learning which aims to learn a shared subspace for different tasks under a common view.","hl11,zh12;zzl15b,zzll16",1707.08114,A Survey on Multi-Task Learning,hl11zh12zzl15bzzll16,4,4,"A graph-based framework for multi-task multi-view learning,Inductive multi-task learning with multiple view data,Multi-task multi-view clustering for non-negative data,Multi-task multi-view clustering,",,,,"J. He and R. Lawrence, ``A graph-based framework for multi-task multi-view learning,'' in {\em ICML}, 2011.J. Zhang and J. Huan, ``Inductive multi-task learning with multiple view data,'' in {\em KDD}, 2012.X. Zhang, X. Zhang, and H. Liu, ``Multi-task multi-view clustering for non-negative data,'' in {\em IJCAI}, 2015.X. Zhang, X. Zhang, H. Liu, and X. Liu, ``Multi-task multi-view clustering,'' {\em {IEEE} TKDE}, 2016.",bblbblbblbbl
s0026,main.tex,"\item\textbf{{Learning under Distribution Shift} {\normalfont(\S\ref{sec:distribution})}} In contrast to learning from feedback, which holds input fixed, this pillar focuses specifically on the cases where the distribution of input changes, \textit{i.e.}, where distribution shift occurs \citep{krueger2020hidden,thulasidasan2021effective,hendrycks2021many}.","krueger2020hidden,thulasidasan2021effective,hendrycks2021many",2310.19852,AI Alignment: A Comprehensive Survey,krueger2020hiddenthulasidasan2021effectivehendrycks2021many,3,3,Hidden incentives for auto-induced distributional shift.An effective baseline for robustness to distributional shift.The many faces of robustness: A critical analysis of out-of-distribution generalization.,,,,"David Krueger, Tegan Maharaj, and Jan Leike. 2020. Hidden incentives for auto-induced distributional shift. arXiv preprint arXiv:2009.09153.Sunil Thulasidasan, Sushil Thapa, Sayera Dhaubhadel, Gopinath Chennupati, Tanmoy Bhattacharya, and Jeff Bilmes. 2021. An effective baseline for robustness to distributional shift. In 2021 20th IEEE International Conference on Machine Learning and Applications (ICMLA), pages 278--285. IEEE.Dan Hendrycks, Steven Basart, Norman Mu, Saurav Kadavath, Frank Wang, Evan Dorundo, Rahul Desai, Tyler Zhu, Samyak Parajuli, Mike Guo, et al. 2021{\natexlab{a}}. The many faces of robustness: A critical analysis of out-of-distribution generalization. In Proceedings of the IEEE/CVF International Conference on Computer Vision, pages 8340--8349.",bblbblbbl
s0027,main.tex,"When an AI system begins to pursue goals that contradict its human designers, it can manifest capabilities that pose significant risks, including deception, manipulation, and power-seeking behaviors \citep{shevlane2023model, arcevalscollab}.","shevlane2023model, arcevalscollab",2310.19852,AI Alignment: A Comprehensive Survey,shevlane2023modelarcevalscollab,2,2,Model evaluation for extreme risks.Update on {ARC}'s recent eval efforts.,,,,"Toby Shevlane, Sebastian Farquhar, Ben Garfinkel, Mary Phuong, Jess Whittlestone, Jade Leung, Daniel Kokotajlo, Nahema Marchal, Markus Anderljung, Noam Kolt, et al. 2023. Model evaluation for extreme risks. arXiv preprint arXiv:2305.15324.{ARC Evals}. 2023. Update on {ARC}'s recent eval efforts. \url{https://evals.alignment.org/blog/2023-03-18-update-on-recent-evals/}.",bblbbl
s0028,main.tex,"\textit{Machine Ethics}: In contrast to much of alignment research which aligns AI systems with human preferences in general (encompassing both value-laden ones and value-neutral ones), \emph{machine ethics} have specifically focused on instilling appropriate moral values into AI systems \citep{yu2018building, winfield2019machine, tolmeijer2020implementations}.","yu2018building, winfield2019machine, tolmeijer2020implementations",2310.19852,AI Alignment: A Comprehensive Survey,yu2018buildingwinfield2019machinetolmeijer2020implementations,3,3,Building ethics into artificial intelligence.Machine ethics: The design and governance of ethical ai and autonomous systems [scanning the issue].Implementations in machine ethics: A survey.,,,,"Han Yu, Zhiqi Shen, Chunyan Miao, Cyril Leung, Victor R Lesser, and Qiang Yang. 2018. Building ethics into artificial intelligence. In Proceedings of the 27th International Joint Conference on Artificial Intelligence, pages 5527--5533.Alan F Winfield, Katina Michael, Jeremy Pitt, and Vanessa Evers. 2019. Machine ethics: The design and governance of ethical ai and autonomous systems [scanning the issue]. Proceedings of the IEEE, 107(3):509--517.Suzanne Tolmeijer, Markus Kneer, Cristina Sarasua, Markus Christen, and Abraham Bernstein. 2020. Implementations in machine ethics: A survey. ACM Computing Surveys (CSUR), 53(6):1--38.",bblbblbbl
s0033,main.tex,"Three research agendas have gained traction in the AI safety and alignment community \citep{alignment_course}: \textbf{Mechanistic Interpretability}, which, taking a bottom-up approach, aims to gain an understanding of low-level mechanics for algorithms implemented by neural networks \citep{olah2020zoom}, \textbf{Representation Engineering}, which, in contrast, taking a top-down approach, monitors (and manipulates) high-level cognitive phenomenon in neural networks \citep{zou2023representation},","alignment_course;olah2020zoom;zou2023representation;meng2022locating, meng2022mass",2310.19852,AI Alignment: A Comprehensive Survey,alignment_courseolah2020zoomzou2023representationmeng2022locatingmeng2022mass,5,5,Alignment CourseZoom in: An introduction to circuits.Representation engineering: A top-down approach to ai transparency.Locating and editing factual associations in gpt.Mass-editing memory in a transformer.,BlueDot Impact,2023,,"alignment_course, author = {BlueDot Impact}, journal = {AI Safety Fundamentals}, title = {Alignment Course}, howpublished = {\url{https://course.aisafetyfundamentals.com/alignment}}, year = {2023}Chris Olah, Nick Cammarata, Ludwig Schubert, Gabriel Goh, Michael Petrov, and Shan Carter. 2020. Zoom in: An introduction to circuits. Distill, 5(3):e00024--001.Andy Zou, Long Phan, Sarah Chen, James Campbell, Phillip Guo, Richard Ren, Alexander Pan, Xuwang Yin, Mantas Mazeika, Ann-Kathrin Dombrowski, et al. 2023{\natexlab{a}}. Representation engineering: A top-down approach to ai transparency. arXiv preprint arXiv:2310.01405.Kevin Meng, David Bau, Alex Andonian, and Yonatan Belinkov. 2022{\natexlab{a}}. Locating and editing factual associations in gpt. Advances in Neural Information Processing Systems, 35:17359--17372.Kevin Meng, Arnab Sen Sharma, Alex J Andonian, Yonatan Belinkov, and David Bau. 2022{\natexlab{b}}. Mass-editing memory in a transformer. In The Eleventh International Conference on Learning Representations.",bibbblbblbblbbl
s0034,main.tex,"Interpretability benchmarks and metrics were made to evaluate interpretability tools (by evaluating their effectiveness in detecting trojans) \citep{casper2023red}, circuits (by testing whether specific subgraphs are counted as circuits) \citep{lawrencec_causal} and explanations (by examining the faithfulness, comprehensiveness, and sufficiency of an explanation) \citep{lage2019evaluation, deyoung2020eraser, krishna2022disagreement}.","casper2023red;lawrencec_causal;lage2019evaluation, deyoung2020eraser, krishna2022disagreement",2310.19852,AI Alignment: A Comprehensive Survey,casper2023redlawrencec_causallage2019evaluationdeyoung2020eraserkrishna2022disagreement,5,5,Red teaming deep neural networks with feature synthesis tools.Causal {Scrubbing}: a method for rigorously testing interpretability hypotheses [{Redwood} {Research}].An evaluation of the human-interpretability of explanation.Eraser: A benchmark to evaluate rationalized nlp models.The disagreement problem in explainable machine learning: A practitioner's perspective.,,,,"Stephen Casper, Tong Bu, Yuxiao Li, Jiawei Li, Kevin Zhang, Kaivalya Hariharan, and Dylan Hadfield-Menell. 2023{\natexlab{a}}. Red teaming deep neural networks with feature synthesis tools. In Thirty-seventh Conference on Neural Information Processing Systems.Chan Lawrence, Adria Garriga-alonso, Nicholas Goldowsky-Dill, Ryan Greenblatt, Jenny Nitishinskaya, Ansh Radhakrishnan, Buck Shlegeris, and Thomas Nate. 2023. Causal {Scrubbing}: a method for rigorously testing interpretability hypotheses [{Redwood} {Research}]. \url{https://www.alignmentforum.org/posts/JvZhhzycHu2Yd57RN/causal-scrubbing-a-method-for-rigorously-testing}.Isaac Lage, Emily Chen, Jeffrey He, Menaka Narayanan, Been Kim, Sam Gershman, and Finale Doshi-Velez. 2019. An evaluation of the human-interpretability of explanation. arXiv preprint arXiv:1902.00006.Jay DeYoung, Sarthak Jain, Nazneen Fatema Rajani, Eric Lehman, Caiming Xiong, Richard Socher, and Byron C Wallace. 2020. Eraser: A benchmark to evaluate rationalized nlp models. In Proceedings of the 58th Annual Meeting of the Association for Computational Linguistics, pages 4443--4458.Satyapriya Krishna, Tessa Han, Alex Gu, Javin Pombra, Shahin Jabbari, Steven Wu, and Himabindu Lakkaraju. 2022. The disagreement problem in explainable machine learning: A practitioner's perspective. arXiv preprint arXiv:2202.01602.",bblbblbblbblbbl
s0035,main.tex,"However, as the inner logic of a certain AI system is unknown before the interpretability tools are applied \citep{samek2019explainable} and different explanations may even contradict each other \citep{neely2021order, krishna2022disagreement}, building a reliable evaluation benchmark or metric is rather difficult \citep{krishna2022disagreement}.","samek2019explainable;neely2021order, krishna2022disagreement;krishna2022disagreement",2310.19852,AI Alignment: A Comprehensive Survey,samek2019explainableneely2021orderkrishna2022disagreement,3,3,"Explainable AI: interpreting, explaining and visualizing deep learning, volume 11700.Order in the court: Explainable ai methods prone to disagreement.The disagreement problem in explainable machine learning: A practitioner's perspective.",,,,"Wojciech Samek, Gr{\'e}goire Montavon, Andrea Vedaldi, Lars Kai Hansen, and Klaus-Robert M{\""u}ller. 2019. Explainable AI: interpreting, explaining and visualizing deep learning, volume 11700. Springer Nature.Michael Neely, Stefan F Schouten, Maurits JR Bleeker, and Ana Lucic. 2021. Order in the court: Explainable ai methods prone to disagreement. arXiv preprint arXiv:2105.03287.Satyapriya Krishna, Tessa Han, Alex Gu, Javin Pombra, Shahin Jabbari, Steven Wu, and Himabindu Lakkaraju. 2022. The disagreement problem in explainable machine learning: A practitioner's perspective. arXiv preprint arXiv:2202.01602.",bblbblbbl
s0036,main.tex,"Conversely, in other works \citep{berreby2017declarative,murtarelli2021conversation}, the segregation of ethical decision-making from the reward function is pursued.","berreby2017declarative,murtarelli2021conversation",2310.19852,AI Alignment: A Comprehensive Survey,berreby2017declarativemurtarelli2021conversation,2,2,A declarative modular framework for representing and applying ethical principles.A conversation-based perspective for shaping ethical human--machine interactions: The particular challenge of chatbots.,,,,"Fiona Berreby, Gauvain Bourgne, and Jean-Gabriel Ganascia. 2017. A declarative modular framework for representing and applying ethical principles. In 16th Conference on Autonomous Agents and MultiAgent Systems.Grazia Murtarelli, Anne Gregory, and Stefania Romenti. 2021. A conversation-based perspective for shaping ethical human--machine interactions: The particular challenge of chatbots. Journal of Business Research, 129:927--935.",bblbbl
s0037,main.tex,"Current research rigorously affirms that AI systems, contradictory to their initial design intent for mitigating toxicities in chemistry or biology, now hold the potential to manufacture new chemical toxins \citep{urbina2022dual} and biological weaponry \citep{sandbrink2023artificial}.",urbina2022dual;sandbrink2023artificial,2310.19852,AI Alignment: A Comprehensive Survey,urbina2022dualsandbrink2023artificial,2,2,Dual use of artificial-intelligence-powered drug discovery.Artificial intelligence and biological misuse: Differentiating risks of language models and biological design tools.,,,,"Fabio Urbina, Filippa Lentzos, C{\'e}dric Invernizzi, and Sean Ekins. 2022. Dual use of artificial-intelligence-powered drug discovery. Nature Machine Intelligence, 4(3):189--191.Jonas B Sandbrink. 2023. Artificial intelligence and biological misuse: Differentiating risks of language models and biological design tools. arXiv preprint arXiv:2306.13952.",bblbbl
s0040,intro.tex,"In contrast to much of alignment research which aligns AI systems with human preferences in general (encompassing both value-laden ones and value-neutral ones), \emph{machine ethics} have specifically focused on instilling appropriate moral values into AI systems \citep{yu2018building, winfield2019machine, tolmeijer2020implementations}.","yu2018building, winfield2019machine, tolmeijer2020implementations",2310.19852,AI Alignment: A Comprehensive Survey,yu2018buildingwinfield2019machinetolmeijer2020implementations,3,3,Building ethics into artificial intelligence.Machine ethics: The design and governance of ethical ai and autonomous systems [scanning the issue].Implementations in machine ethics: A survey.,,,,"Han Yu, Zhiqi Shen, Chunyan Miao, Cyril Leung, Victor R Lesser, and Qiang Yang. 2018. Building ethics into artificial intelligence. In Proceedings of the 27th International Joint Conference on Artificial Intelligence, pages 5527--5533.Alan F Winfield, Katina Michael, Jeremy Pitt, and Vanessa Evers. 2019. Machine ethics: The design and governance of ethical ai and autonomous systems [scanning the issue]. Proceedings of the IEEE, 107(3):509--517.Suzanne Tolmeijer, Markus Kneer, Cristina Sarasua, Markus Christen, and Abraham Bernstein. 2020. Implementations in machine ethics: A survey. ACM Computing Surveys (CSUR), 53(6):1--38.",bblbblbbl
