file,sentence,cited_keys,survey_arxiv_id,survey_title
07_detection.tex,"However, \citet{sap-etal-2017-connotation} find that, high-agency women frames are rare in modern films.",sap-etal-2017-connotation,2112.14168,A Survey on Gender Bias in Natural Language Processing
07_detection.tex,"However, \citet{asr2021} report that there, in fact, is a gender gap in coverage of women in Canadian news outlets.",asr2021,2112.14168,A Survey on Gender Bias in Natural Language Processing
07_detection.tex,"However, \citet{Garg_2018} show that gender bias has decreased in the last 100 years and that the women’s movement in the 1960s and 1970s had a significant effect on women's portrayals in literature and culture.",Garg_2018,2112.14168,A Survey on Gender Bias in Natural Language Processing
06_definition.tex,"However, \citet{rudinger-etal-2017-social} note that bias at the level of word co-occurrences is likely to lead to overgeneralisation when applied to a heterogenous dataset.",rudinger-etal-2017-social,2112.14168,A Survey on Gender Bias in Natural Language Processing
06_definition.tex,"However, \citet{bentivogli-etal-2020-gender} point out that previously obtained BLEU gains \citep{vanmassenhove-etal-2018-getting, moryossef-etal-2019-filling} cannot be ascribed with certainty to a better control of gender features and following previous research \citep{elaraby2018gender, vanmassenhove-etal-2018-getting} underlie the importance of applying gender-swapping in BLEU-based evaluations focused on gender translation.","bentivogli-etal-2020-gender;vanmassenhove-etal-2018-getting, moryossef-etal-2019-filling;elaraby2018gender, vanmassenhove-etal-2018-getting",2112.14168,A Survey on Gender Bias in Natural Language Processing
06_definition.tex,"However, \citet{gonen-goldberg-2019-lipstick} argue that the indirect bias has been disregarded to some extent and complain that mitigation methods are not provided.",gonen-goldberg-2019-lipstick,2112.14168,A Survey on Gender Bias in Natural Language Processing
05_datasets.tex,"However, \citet{chaloner-maldonado-2019-measuring} note that not all of the listed words are truly gender-biased and suggest an additional filtering or classification step before employing the list as a genderness lexicon.",chaloner-maldonado-2019-measuring,2112.14168,A Survey on Gender Bias in Natural Language Processing
08_mitigation.tex,"%However, \citep{cho-etal-2019-measuring} warn that mitigated male dependency does not necessarily mean that the system bias has reduced, another social bias might be involved.",cho-etal-2019-measuring,2112.14168,A Survey on Gender Bias in Natural Language Processing
08_mitigation.tex,"However, \citet{savoldi2021gender} note that this improvement might not be due to the added gender context, but for instance, a regularisation effect.",savoldi2021gender,2112.14168,A Survey on Gender Bias in Natural Language Processing
08_mitigation.tex,"However, \citet{savoldi2021gender} note that this approach does not account for the qualitative differences in how men and women are portrayed \citep{savoldi2021gender}.",savoldi2021gender;savoldi2021gender,2112.14168,A Survey on Gender Bias in Natural Language Processing
08_mitigation.tex,"However, \citet{elazar2018adversarial} claim that word representations preserve traces of the protected attributes and recommend external verification of the method.",elazar2018adversarial,2112.14168,A Survey on Gender Bias in Natural Language Processing
08_mitigation.tex,"However, \citet{sun-etal-2019-mitigating} note that it is unclear if gender-neutralised word embeddings are applicable to languages with grammatical genders.",sun-etal-2019-mitigating,2112.14168,A Survey on Gender Bias in Natural Language Processing
main.tex,"In contrast to classification, \textit{uncertainty information of regression} models is currently under-explored in human-AI decision making, with one recent exception~\cite{mcgrath2020does} (though the effect of uncertainty information on decision making has long been studied outside the context of AI assistance, e.g.~\cite{kay2016ish}).",mcgrath2020does;kay2016ish,2112.11471,Towards a Science of Human-AI Decision Making: A Survey of Empirical Studies
main.tex,"& Metrics \\ \midrule % % % % \multirow{2}{*}{Understanding} & Subjective &Self-reported understanding~\cite{buccinca2020proxy,anik2021data,yang2020visual,lucic2020does,smithrenner2020,binns2018s,wang2021explanations,cheng2019explaining,cai2019effects}, confidence in understanding~\cite{kulesza2012tell}, confidence in simulation~\cite{alqaraawi2020evaluating,nguyen2018comparing}, ease of understanding~\cite{guo2019visualizing,poursabzi2018manipulating}, intuitiveness~\cite{szymanski2021visual}, ","buccinca2020proxy,anik2021data,yang2020visual,lucic2020does,smithrenner2020,binns2018s,wang2021explanations,cheng2019explaining,cai2019effects;kulesza2012tell;alqaraawi2020evaluating,nguyen2018comparing;guo2019visualizing,poursabzi2018manipulating;szymanski2021visual;tsai2021exploring,rader2018explanations;buccinca2020proxy,ribeiro2018anchors,wang2021explanations,yu2019trust,chromik2021think,nourani2021anchoring,alqaraawi2020evaluating,nguyen2018comparing,friedler2019assessing,chandrasekaran2018explanations,hase2020evaluating,poursabzi2018manipulating,abdul2020cogam;wang2021explanations,hase2020evaluating;wang2021explanations;szymanski2021visual,cheng2019explaining;rader2018explanations,kulesza2013too,chromik2021think;smithrenner2020,dietvorst2015algorithm,green2019principles,nourani2021anchoring;kulesza2012tell,gero2020mental,wang2021explanations,cheng2019explaining;buccinca2020proxy,springer2018progressive,ribeiro2018anchors,tsai2021exploring,kulesza2012tell,smithrenner2020,gero2020mental,poursabzi2018manipulating,dietvorst2015algorithm,green2019principles,chromik2021think,alqaraawi2020evaluating,friedler2019assessing,poursabzi2018manipulating,cheng2019explaining,abdul2020cogam;smithrenner2020,wang2021explanations,kulesza2013too,chromik2021think,szymanski2021visual,alqaraawi2020evaluating;chandrasekaran2018explanations;springer2018progressive,kocielnik2019will,smithrenner2020;rader2018explanations,nourani2021anchoring;kocielnik2019will,rader2018explanations,dietvorst2015algorithm,kulesza2013too,chromik2021think,nguyen2018comparing,abdul2020cogam,cai2019human;mcgrath2020does,bussone2015role,yin2019understanding,zhang2020effect,levy2021assessing,liu2021understanding,lai2019human,lai2020chicago,bansal2020does,wang2021explanations,lu2021human,yu2019trust,de2020case,biran2017human,carton2020feature;mcgrath2020does,yin2019understanding,zhang2020effect,park2019slow,lu2021human,grgic2019human;poursabzi2018manipulating,logg2019algorithm;green2019disparate,green2019principles;poursabzi2018manipulating;bansal2019beyond, dietvorst2018overcoming,ribeiro2016should,dietvorst2015algorithm;yang2020visual,buccinca2021trust,bussone2015role,wang2021explanations;yang2020visual,bussone2015role,wang2021explanations;yang2020visual,poursabzi2018manipulating,wang2021explanations,gonzalez2020human;anik2021data,green2019disparate,harrison2020empirical,van2021effect,dodge2019explaining;lee2019procedural;lee2019procedural;binns2018s;binns2018s;binns2018s,van2021effect;rader2018explanations;green2019principles,green2019disparate;biran2017human,tsai2021exploring,dietvorst2018overcoming,kocielnik2019will,lucic2020does,lage2019evaluation,narayanan2018humans;ehrlich2011taking,buccinca2020proxy,yang2020visual,biran2017human,kocielnik2019will,cai2019human;guo2019visualizing,lee2020co;tsai2021exploring;tsai2021exploring;buccinca2020proxy;yang2020visual,ribeiro2018anchors,kulesza2012tell,lee2020co;springer2018progressive;stowers2017insights;buccinca2021trust;anik2021data,tsai2021exploring;kocielnik2019will,smithrenner2020,lee2020co;anik2021data,lee2020co,lee2021human;tsai2021exploring;kocielnik2019will;cai2019effects;szymanski2021visual,kulesza2013too,kunkel2019let;szymanski2021visual,nourani2021anchoring,cai2019human,lee2021human;weerts2019human;szymanski2021visual;abdul2020cogam;cai2019effects;smithrenner2020;smithrenner2020",2112.11471,Towards a Science of Human-AI Decision Making: A Survey of Empirical Studies
main.tex,"Objective metrics of trust often focus on \textit{reliance} as a direct outcome of trusting (i.e., how much people's decisions rely on or are influenced by the AI's), such as \textit{acceptance of model suggestions}~\cite{bussone2015role,yin2019understanding,zhang2020effect,levy2021assessing,liu2021understanding,lai2019human,lai2020chicago,bansal2020does,wang2021explanations,lu2021human,yu2019trust,de2020case,biran2017human,mcgrath2020does,carton2020feature}, \textit{likelihood to switch}~\cite{","bussone2015role,yin2019understanding,zhang2020effect,levy2021assessing,liu2021understanding,lai2019human,lai2020chicago,bansal2020does,wang2021explanations,lu2021human,yu2019trust,de2020case,biran2017human,mcgrath2020does,carton2020feature;yin2019understanding,zhang2020effect,park2019slow,lu2021human,grgic2019human,mcgrath2020does;poursabzi2018manipulating,logg2019algorithm;bansal2019beyond, dietvorst2018overcoming,ribeiro2016should,dietvorst2015algorithm;green2019disparate,green2019principles;poursabzi2018manipulating",2112.11471,Towards a Science of Human-AI Decision Making: A Survey of Empirical Studies
